"","url","name","city","checkInDate","checkOutDate"
"1",NA,NA,"Hong-Kong","2017-05-01","2017-05-02"
"2",NA,NA,"Hong-Kong","2017-05-01","2017-05-02"
"3",NA,NA,"Hong-Kong","2017-05-01","2017-05-02"
"4",NA,NA,"Hong-Kong","2017-05-01","2017-05-02"
"5",NA,NA,"Hong-Kong","2017-05-01","2017-05-02"
"6",NA,NA,"Hong-Kong","2017-05-01","2017-05-02"
"7",NA,NA,"Hong-Kong","2017-05-01","2017-05-02"
"8",NA,NA,"Hong-Kong","2017-05-01","2017-05-02"
"9",NA,NA,"Hong-Kong","2017-05-01","2017-05-02"
"10",NA,NA,"Hong-Kong","2017-05-01","2017-05-02"
"11",NA,NA,"Hong-Kong","2017-05-01","2017-05-02"
"12",NA,NA,"Hong-Kong","2017-05-01","2017-05-02"
"13",NA,NA,"Hong-Kong","2017-05-01","2017-05-02"
"14",NA,NA,"Hong-Kong","2017-05-01","2017-05-02"
"15",NA,NA,"Hong-Kong","2017-05-01","2017-05-02"
"16",NA,NA,"Hong-Kong","2017-05-01","2017-05-02"
"17",NA,NA,"Hong-Kong","2017-05-01","2017-05-02"
"18",NA,NA,"Hong-Kong","2017-05-01","2017-05-02"
"19",NA,NA,"Hong-Kong","2017-05-01","2017-05-02"
"20",NA,NA,"Hong-Kong","2017-05-01","2017-05-02"
"21",NA,NA,"Hong-Kong","2017-05-01","2017-05-02"
"22",NA,NA,"Hong-Kong","2017-05-01","2017-05-02"
"23",NA,NA,"Hong-Kong","2017-05-01","2017-05-02"
"24",NA,NA,"Hong-Kong","2017-05-01","2017-05-02"
"25",NA,NA,"Hong-Kong","2017-05-01","2017-05-02"
"26",NA,NA,"Hong-Kong","2017-05-01","2017-05-02"
"27",NA,NA,"Hong-Kong","2017-05-01","2017-05-02"
"28",NA,NA,"Hong-Kong","2017-05-01","2017-05-02"
"29",NA,NA,"Hong-Kong","2017-05-01","2017-05-02"
"30",NA,NA,"Hong-Kong","2017-05-01","2017-05-02"
"31",NA,NA,"Hong-Kong","2017-05-01","2017-05-02"
"32",NA,NA,"Hong-Kong","2017-05-01","2017-05-02"
"33",NA,NA,"Hong-Kong","2017-05-01","2017-05-02"
"34",NA,NA,"Hong-Kong","2017-05-01","2017-05-02"
"35",NA,NA,"Hong-Kong","2017-05-01","2017-05-02"
"36",NA,NA,"Hong-Kong","2017-05-01","2017-05-02"
"37",NA,NA,"Hong-Kong","2017-05-01","2017-05-02"
"38",NA,NA,"Hong-Kong","2017-05-01","2017-05-02"
"39",NA,NA,"Hong-Kong","2017-05-01","2017-05-02"
"40",NA,NA,"Hong-Kong","2017-05-01","2017-05-02"
"41",NA,NA,"Hong-Kong","2017-05-01","2017-05-02"
"42",NA,NA,"Hong-Kong","2017-05-01","2017-05-02"
"43",NA,NA,"Hong-Kong","2017-05-01","2017-05-02"
"44",NA,NA,"Hong-Kong","2017-05-01","2017-05-02"
"45",NA,NA,"Hong-Kong","2017-05-01","2017-05-02"
"46",NA,NA,"Hong-Kong","2017-05-01","2017-05-02"
"47",NA,NA,"Hong-Kong","2017-05-01","2017-05-02"
"48",NA,NA,"Hong-Kong","2017-05-01","2017-05-02"
"49",NA,NA,"Hong-Kong","2017-05-01","2017-05-02"
"50",NA,NA,"Hong-Kong","2017-05-01","2017-05-02"
"51",NA,NA,"Hong-Kong","2017-05-01","2017-05-02"
"52",NA,NA,"Hong-Kong","2017-05-01","2017-05-02"
"53",NA,NA,"Hong-Kong","2017-05-01","2017-05-02"
"54",NA,NA,"Hong-Kong","2017-05-01","2017-05-02"
"55",NA,NA,"Hong-Kong","2017-05-01","2017-05-02"
"56",NA,NA,"Hong-Kong","2017-05-01","2017-05-02"
"57",NA,NA,"Hong-Kong","2017-05-01","2017-05-02"
"58",NA,NA,"Hong-Kong","2017-05-01","2017-05-02"
"59",NA,NA,"Hong-Kong","2017-05-01","2017-05-02"
"60",NA,NA,"Hong-Kong","2017-05-01","2017-05-02"
"61",NA,NA,"Hong-Kong","2017-05-01","2017-05-02"
"62",NA,NA,"Hong-Kong","2017-05-01","2017-05-02"
"63",NA,NA,"Hong-Kong","2017-05-01","2017-05-02"
"64",NA,NA,"Hong-Kong","2017-05-01","2017-05-02"
"65",NA,NA,"Hong-Kong","2017-05-01","2017-05-02"
"66",NA,NA,"Hong-Kong","2017-05-01","2017-05-02"
"67",NA,NA,"Hong-Kong","2017-05-01","2017-05-02"
"68",NA,NA,"Hong-Kong","2017-05-01","2017-05-02"
"69",NA,NA,"Hong-Kong","2017-05-01","2017-05-02"
"70",NA,NA,"Hong-Kong","2017-05-01","2017-05-02"
"71",NA,NA,"Hong-Kong","2017-05-01","2017-05-02"
"72",NA,NA,"Hong-Kong","2017-05-01","2017-05-02"
"73",NA,NA,"Hong-Kong","2017-05-01","2017-05-02"
"74",NA,NA,"Hong-Kong","2017-05-01","2017-05-02"
"75",NA,NA,"Hong-Kong","2017-05-01","2017-05-02"
"76",NA,NA,"Hong-Kong","2017-05-01","2017-05-02"
"77",NA,NA,"Hong-Kong","2017-05-01","2017-05-02"
"78",NA,NA,"Hong-Kong","2017-05-01","2017-05-02"
"79",NA,NA,"Hong-Kong","2017-05-01","2017-05-02"
"80",NA,NA,"Hong-Kong","2017-05-01","2017-05-02"
"81",NA,NA,"Hong-Kong","2017-05-01","2017-05-02"
"82",NA,NA,"Hong-Kong","2017-05-01","2017-05-02"
"83",NA,NA,"Hong-Kong","2017-05-01","2017-05-02"
"84",NA,NA,"Hong-Kong","2017-05-01","2017-05-02"
"85",NA,NA,"Hong-Kong","2017-05-01","2017-05-02"
"86",NA,NA,"Hong-Kong","2017-05-01","2017-05-02"
"87",NA,NA,"Hong-Kong","2017-05-01","2017-05-02"
"88",NA,NA,"Hong-Kong","2017-05-01","2017-05-02"
"89",NA,NA,"Hong-Kong","2017-05-01","2017-05-02"
"90",NA,NA,"Hong-Kong","2017-05-01","2017-05-02"
"91",NA,NA,"Hong-Kong","2017-05-01","2017-05-02"
"92",NA,NA,"Hong-Kong","2017-05-01","2017-05-02"
"93",NA,NA,"Hong-Kong","2017-05-01","2017-05-02"
"94",NA,NA,"Hong-Kong","2017-05-01","2017-05-02"
"95",NA,NA,"Hong-Kong","2017-05-01","2017-05-02"
"96",NA,NA,"Hong-Kong","2017-05-01","2017-05-02"
"97",NA,NA,"Hong-Kong","2017-05-01","2017-05-02"
"98",NA,NA,"Hong-Kong","2017-05-01","2017-05-02"
"99",NA,NA,"Hong-Kong","2017-05-01","2017-05-02"
"100",NA,NA,"Hong-Kong","2017-05-01","2017-05-02"
"101",NA,NA,"Hong-Kong","2017-05-01","2017-05-02"
"102",NA,NA,"Hong-Kong","2017-05-01","2017-05-02"
"103",NA,NA,"Hong-Kong","2017-05-01","2017-05-02"
"104",NA,NA,"Hong-Kong","2017-05-01","2017-05-02"
"105",NA,NA,"Hong-Kong","2017-05-01","2017-05-02"
"106",NA,NA,"Hong-Kong","2017-05-01","2017-05-02"
"107",NA,NA,"Hong-Kong","2017-05-01","2017-05-02"
"108",NA,NA,"Hong-Kong","2017-05-01","2017-05-02"
"109",NA,NA,"Hong-Kong","2017-05-01","2017-05-02"
"110",NA,NA,"Hong-Kong","2017-05-01","2017-05-02"
"111",NA,NA,"Hong-Kong","2017-05-01","2017-05-02"
"112",NA,NA,"Hong-Kong","2017-05-01","2017-05-02"
"113",NA,NA,"Hong-Kong","2017-05-01","2017-05-02"
"114",NA,NA,"Hong-Kong","2017-05-01","2017-05-02"
"115",NA,NA,"Hong-Kong","2017-05-01","2017-05-02"
"116",NA,NA,"Hong-Kong","2017-05-01","2017-05-02"
"117",NA,NA,"Hong-Kong","2017-05-01","2017-05-02"
"118",NA,NA,"Hong-Kong","2017-05-01","2017-05-02"
"119",NA,NA,"Hong-Kong","2017-05-01","2017-05-02"
"120",NA,NA,"Hong-Kong","2017-05-01","2017-05-02"
"121",NA,NA,"Hong-Kong","2017-05-01","2017-05-02"
"122",NA,NA,"Hong-Kong","2017-05-01","2017-05-02"
"123",NA,NA,"Hong-Kong","2017-05-01","2017-05-02"
"124",NA,NA,"Hong-Kong","2017-05-01","2017-05-02"
"125",NA,NA,"Hong-Kong","2017-05-01","2017-05-02"
"126",NA,NA,"Hong-Kong","2017-05-01","2017-05-02"
"127",NA,NA,"Hong-Kong","2017-05-01","2017-05-02"
"128",NA,NA,"Hong-Kong","2017-05-01","2017-05-02"
"129",NA,NA,"Hong-Kong","2017-05-01","2017-05-02"
"130",NA,NA,"Hong-Kong","2017-05-01","2017-05-02"
"131",NA,NA,"Hong-Kong","2017-05-01","2017-05-02"
"132",NA,NA,"Hong-Kong","2017-05-01","2017-05-02"
"133",NA,NA,"Hong-Kong","2017-05-01","2017-05-02"
"134",NA,NA,"Hong-Kong","2017-05-01","2017-05-02"
"135",NA,NA,"Hong-Kong","2017-05-01","2017-05-02"
"136",NA,NA,"Hong-Kong","2017-05-01","2017-05-02"
"137",NA,NA,"Hong-Kong","2017-05-01","2017-05-02"
"138",NA,NA,"Hong-Kong","2017-05-01","2017-05-02"
"139",NA,NA,"Hong-Kong","2017-05-01","2017-05-02"
"140",NA,NA,"Hong-Kong","2017-05-01","2017-05-02"
"141",NA,NA,"Hong-Kong","2017-05-01","2017-05-02"
"142",NA,NA,"Hong-Kong","2017-05-01","2017-05-02"
"143",NA,NA,"Hong-Kong","2017-05-01","2017-05-02"
"144",NA,NA,"Hong-Kong","2017-05-01","2017-05-02"
"145",NA,NA,"Hong-Kong","2017-05-01","2017-05-02"
"146",NA,NA,"Hong-Kong","2017-05-01","2017-05-02"
"147",NA,NA,"Hong-Kong","2017-05-01","2017-05-02"
"148",NA,NA,"Hong-Kong","2017-05-01","2017-05-02"
"149",NA,NA,"Hong-Kong","2017-05-01","2017-05-02"
"150",NA,NA,"Hong-Kong","2017-05-01","2017-05-02"
"151",NA,NA,"Hong-Kong","2017-05-01","2017-05-02"
"152",NA,NA,"Hong-Kong","2017-05-01","2017-05-02"
"153",NA,NA,"Hong-Kong","2017-05-01","2017-05-02"
"154",NA,NA,"Hong-Kong","2017-05-01","2017-05-02"
"155",NA,NA,"Hong-Kong","2017-05-01","2017-05-02"
"156",NA,NA,"Hong-Kong","2017-05-01","2017-05-02"
"157",NA,NA,"Hong-Kong","2017-05-01","2017-05-02"
"158",NA,NA,"Hong-Kong","2017-05-01","2017-05-02"
"159",NA,NA,"Hong-Kong","2017-05-01","2017-05-02"
"160",NA,NA,"Hong-Kong","2017-05-01","2017-05-02"
"161",NA,NA,"Hong-Kong","2017-05-01","2017-05-02"
"162",NA,NA,"Hong-Kong","2017-05-01","2017-05-02"
"163",NA,NA,"Hong-Kong","2017-05-01","2017-05-02"
"164",NA,NA,"Hong-Kong","2017-05-01","2017-05-02"
"165",NA,NA,"Hong-Kong","2017-05-01","2017-05-02"
"166",NA,NA,"Hong-Kong","2017-05-01","2017-05-02"
"167",NA,NA,"Hong-Kong","2017-05-01","2017-05-02"
"168",NA,NA,"Hong-Kong","2017-05-01","2017-05-02"
"169",NA,NA,"Hong-Kong","2017-05-01","2017-05-02"
"170",NA,NA,"Hong-Kong","2017-05-01","2017-05-02"
"171",NA,NA,"Hong-Kong","2017-05-01","2017-05-02"
"172",NA,NA,"Hong-Kong","2017-05-01","2017-05-02"
"173",NA,NA,"Hong-Kong","2017-05-01","2017-05-02"
"174",NA,NA,"Hong-Kong","2017-05-01","2017-05-02"
"175",NA,NA,"Hong-Kong","2017-05-01","2017-05-02"
"176",NA,NA,"Hong-Kong","2017-05-01","2017-05-02"
"177",NA,NA,"Hong-Kong","2017-05-01","2017-05-02"
"178",NA,NA,"Hong-Kong","2017-05-01","2017-05-02"
"179",NA,NA,"Hong-Kong","2017-05-01","2017-05-02"
"180",NA,NA,"Hong-Kong","2017-05-01","2017-05-02"
"181",NA,NA,"Hong-Kong","2017-05-01","2017-05-02"
"182",NA,NA,"Hong-Kong","2017-05-01","2017-05-02"
"183",NA,NA,"Hong-Kong","2017-05-01","2017-05-02"
"184",NA,NA,"Hong-Kong","2017-05-01","2017-05-02"
"185",NA,NA,"Hong-Kong","2017-05-01","2017-05-02"
"186",NA,NA,"Hong-Kong","2017-05-01","2017-05-02"
"187",NA,NA,"Hong-Kong","2017-05-01","2017-05-02"
"188",NA,NA,"Hong-Kong","2017-05-01","2017-05-02"
"189",NA,NA,"Hong-Kong","2017-05-01","2017-05-02"
"190",NA,NA,"Hong-Kong","2017-05-01","2017-05-02"
"191",NA,NA,"Hong-Kong","2017-05-01","2017-05-02"
"192",NA,NA,"Hong-Kong","2017-05-01","2017-05-02"
"193",NA,NA,"Hong-Kong","2017-05-01","2017-05-02"
"194",NA,NA,"Hong-Kong","2017-05-01","2017-05-02"
"195",NA,NA,"Hong-Kong","2017-05-01","2017-05-02"
"196",NA,NA,"Hong-Kong","2017-05-01","2017-05-02"
"197",NA,NA,"Hong-Kong","2017-05-01","2017-05-02"
"198",NA,NA,"Hong-Kong","2017-05-01","2017-05-02"
"199",NA,NA,"Hong-Kong","2017-05-01","2017-05-02"
"200",NA,NA,"Hong-Kong","2017-05-01","2017-05-02"
"201",NA,NA,"Shanghai--China","2017-05-01","2017-05-02"
"202",NA,NA,"Shanghai--China","2017-05-01","2017-05-02"
"203",NA,NA,"Shanghai--China","2017-05-01","2017-05-02"
"204",NA,NA,"Shanghai--China","2017-05-01","2017-05-02"
"205",NA,NA,"Shanghai--China","2017-05-01","2017-05-02"
"206",NA,NA,"Shanghai--China","2017-05-01","2017-05-02"
"207",NA,NA,"Shanghai--China","2017-05-01","2017-05-02"
"208",NA,NA,"Shanghai--China","2017-05-01","2017-05-02"
"209",NA,NA,"Shanghai--China","2017-05-01","2017-05-02"
"210",NA,NA,"Shanghai--China","2017-05-01","2017-05-02"
"211",NA,NA,"Shanghai--China","2017-05-01","2017-05-02"
"212",NA,NA,"Shanghai--China","2017-05-01","2017-05-02"
"213",NA,NA,"Shanghai--China","2017-05-01","2017-05-02"
"214",NA,NA,"Shanghai--China","2017-05-01","2017-05-02"
"215",NA,NA,"Shanghai--China","2017-05-01","2017-05-02"
"216",NA,NA,"Shanghai--China","2017-05-01","2017-05-02"
"217",NA,NA,"Shanghai--China","2017-05-01","2017-05-02"
"218",NA,NA,"Shanghai--China","2017-05-01","2017-05-02"
"219",NA,NA,"Shanghai--China","2017-05-01","2017-05-02"
"220",NA,NA,"Shanghai--China","2017-05-01","2017-05-02"
"221",NA,NA,"Shanghai--China","2017-05-01","2017-05-02"
"222",NA,NA,"Shanghai--China","2017-05-01","2017-05-02"
"223",NA,NA,"Shanghai--China","2017-05-01","2017-05-02"
"224",NA,NA,"Shanghai--China","2017-05-01","2017-05-02"
"225",NA,NA,"Shanghai--China","2017-05-01","2017-05-02"
"226",NA,NA,"Shanghai--China","2017-05-01","2017-05-02"
"227",NA,NA,"Shanghai--China","2017-05-01","2017-05-02"
"228",NA,NA,"Shanghai--China","2017-05-01","2017-05-02"
"229",NA,NA,"Shanghai--China","2017-05-01","2017-05-02"
"230",NA,NA,"Shanghai--China","2017-05-01","2017-05-02"
"231",NA,NA,"Shanghai--China","2017-05-01","2017-05-02"
"232",NA,NA,"Shanghai--China","2017-05-01","2017-05-02"
"233",NA,NA,"Shanghai--China","2017-05-01","2017-05-02"
"234",NA,NA,"Shanghai--China","2017-05-01","2017-05-02"
"235",NA,NA,"Shanghai--China","2017-05-01","2017-05-02"
"236",NA,NA,"Shanghai--China","2017-05-01","2017-05-02"
"237",NA,NA,"Shanghai--China","2017-05-01","2017-05-02"
"238",NA,NA,"Shanghai--China","2017-05-01","2017-05-02"
"239",NA,NA,"Shanghai--China","2017-05-01","2017-05-02"
"240",NA,NA,"Shanghai--China","2017-05-01","2017-05-02"
"241",NA,NA,"Shanghai--China","2017-05-01","2017-05-02"
"242",NA,NA,"Shanghai--China","2017-05-01","2017-05-02"
"243",NA,NA,"Shanghai--China","2017-05-01","2017-05-02"
"244",NA,NA,"Shanghai--China","2017-05-01","2017-05-02"
"245",NA,NA,"Shanghai--China","2017-05-01","2017-05-02"
"246",NA,NA,"Shanghai--China","2017-05-01","2017-05-02"
"247",NA,NA,"Shanghai--China","2017-05-01","2017-05-02"
"248",NA,NA,"Shanghai--China","2017-05-01","2017-05-02"
"249",NA,NA,"Shanghai--China","2017-05-01","2017-05-02"
"250",NA,NA,"Shanghai--China","2017-05-01","2017-05-02"
"251",NA,NA,"Shanghai--China","2017-05-01","2017-05-02"
"252",NA,NA,"Shanghai--China","2017-05-01","2017-05-02"
"253",NA,NA,"Shanghai--China","2017-05-01","2017-05-02"
"254",NA,NA,"Shanghai--China","2017-05-01","2017-05-02"
"255",NA,NA,"Shanghai--China","2017-05-01","2017-05-02"
"256",NA,NA,"Shanghai--China","2017-05-01","2017-05-02"
"257",NA,NA,"Shanghai--China","2017-05-01","2017-05-02"
"258",NA,NA,"Shanghai--China","2017-05-01","2017-05-02"
"259",NA,NA,"Shanghai--China","2017-05-01","2017-05-02"
"260",NA,NA,"Shanghai--China","2017-05-01","2017-05-02"
"261",NA,NA,"Shanghai--China","2017-05-01","2017-05-02"
"262",NA,NA,"Shanghai--China","2017-05-01","2017-05-02"
"263",NA,NA,"Shanghai--China","2017-05-01","2017-05-02"
"264",NA,NA,"Shanghai--China","2017-05-01","2017-05-02"
"265",NA,NA,"Shanghai--China","2017-05-01","2017-05-02"
"266",NA,NA,"Shanghai--China","2017-05-01","2017-05-02"
"267",NA,NA,"Shanghai--China","2017-05-01","2017-05-02"
"268",NA,NA,"Shanghai--China","2017-05-01","2017-05-02"
"269",NA,NA,"Shanghai--China","2017-05-01","2017-05-02"
"270",NA,NA,"Shanghai--China","2017-05-01","2017-05-02"
"271",NA,NA,"Shanghai--China","2017-05-01","2017-05-02"
"272",NA,NA,"Shanghai--China","2017-05-01","2017-05-02"
"273",NA,NA,"Shanghai--China","2017-05-01","2017-05-02"
"274",NA,NA,"Shanghai--China","2017-05-01","2017-05-02"
"275",NA,NA,"Shanghai--China","2017-05-01","2017-05-02"
"276",NA,NA,"Shanghai--China","2017-05-01","2017-05-02"
"277",NA,NA,"Shanghai--China","2017-05-01","2017-05-02"
"278",NA,NA,"Shanghai--China","2017-05-01","2017-05-02"
"279",NA,NA,"Shanghai--China","2017-05-01","2017-05-02"
"280",NA,NA,"Shanghai--China","2017-05-01","2017-05-02"
"281",NA,NA,"Shanghai--China","2017-05-01","2017-05-02"
"282",NA,NA,"Shanghai--China","2017-05-01","2017-05-02"
"283",NA,NA,"Shanghai--China","2017-05-01","2017-05-02"
"284",NA,NA,"Shanghai--China","2017-05-01","2017-05-02"
"285",NA,NA,"Shanghai--China","2017-05-01","2017-05-02"
"286",NA,NA,"Shanghai--China","2017-05-01","2017-05-02"
"287",NA,NA,"Shanghai--China","2017-05-01","2017-05-02"
"288",NA,NA,"Shanghai--China","2017-05-01","2017-05-02"
"289",NA,NA,"Shanghai--China","2017-05-01","2017-05-02"
"290",NA,NA,"Shanghai--China","2017-05-01","2017-05-02"
"291",NA,NA,"Shanghai--China","2017-05-01","2017-05-02"
"292",NA,NA,"Shanghai--China","2017-05-01","2017-05-02"
"293",NA,NA,"Shanghai--China","2017-05-01","2017-05-02"
"294",NA,NA,"Shanghai--China","2017-05-01","2017-05-02"
"295",NA,NA,"Shanghai--China","2017-05-01","2017-05-02"
"296",NA,NA,"Shanghai--China","2017-05-01","2017-05-02"
"297",NA,NA,"Shanghai--China","2017-05-01","2017-05-02"
"298",NA,NA,"Shanghai--China","2017-05-01","2017-05-02"
"299",NA,NA,"Shanghai--China","2017-05-01","2017-05-02"
"300",NA,NA,"Shanghai--China","2017-05-01","2017-05-02"
"301",NA,NA,"Shanghai--China","2017-05-01","2017-05-02"
"302",NA,NA,"Shanghai--China","2017-05-01","2017-05-02"
"303",NA,NA,"Shanghai--China","2017-05-01","2017-05-02"
"304",NA,NA,"Shanghai--China","2017-05-01","2017-05-02"
"305",NA,NA,"Shanghai--China","2017-05-01","2017-05-02"
"306",NA,NA,"Shanghai--China","2017-05-01","2017-05-02"
"307",NA,NA,"Shanghai--China","2017-05-01","2017-05-02"
"308",NA,NA,"Shanghai--China","2017-05-01","2017-05-02"
"309",NA,NA,"Shanghai--China","2017-05-01","2017-05-02"
"310",NA,NA,"Shanghai--China","2017-05-01","2017-05-02"
"311",NA,NA,"Shanghai--China","2017-05-01","2017-05-02"
"312",NA,NA,"Shanghai--China","2017-05-01","2017-05-02"
"313",NA,NA,"Shanghai--China","2017-05-01","2017-05-02"
"314",NA,NA,"Shanghai--China","2017-05-01","2017-05-02"
"315",NA,NA,"Shanghai--China","2017-05-01","2017-05-02"
"316",NA,NA,"Shanghai--China","2017-05-01","2017-05-02"
"317",NA,NA,"Shanghai--China","2017-05-01","2017-05-02"
"318",NA,NA,"Shanghai--China","2017-05-01","2017-05-02"
"319",NA,NA,"Shanghai--China","2017-05-01","2017-05-02"
"320",NA,NA,"Shanghai--China","2017-05-01","2017-05-02"
"321",NA,NA,"Shanghai--China","2017-05-01","2017-05-02"
"322",NA,NA,"Shanghai--China","2017-05-01","2017-05-02"
"323",NA,NA,"Shanghai--China","2017-05-01","2017-05-02"
"324",NA,NA,"Shanghai--China","2017-05-01","2017-05-02"
"325",NA,NA,"Shanghai--China","2017-05-01","2017-05-02"
"326",NA,NA,"Shanghai--China","2017-05-01","2017-05-02"
"327",NA,NA,"Shanghai--China","2017-05-01","2017-05-02"
"328",NA,NA,"Shanghai--China","2017-05-01","2017-05-02"
"329",NA,NA,"Shanghai--China","2017-05-01","2017-05-02"
"330",NA,NA,"Shanghai--China","2017-05-01","2017-05-02"
"331",NA,NA,"Shanghai--China","2017-05-01","2017-05-02"
"332",NA,NA,"Shanghai--China","2017-05-01","2017-05-02"
"333",NA,NA,"Shanghai--China","2017-05-01","2017-05-02"
"334",NA,NA,"Shanghai--China","2017-05-01","2017-05-02"
"335",NA,NA,"Shanghai--China","2017-05-01","2017-05-02"
"336",NA,NA,"Shanghai--China","2017-05-01","2017-05-02"
"337",NA,NA,"Shanghai--China","2017-05-01","2017-05-02"
"338",NA,NA,"Shanghai--China","2017-05-01","2017-05-02"
"339",NA,NA,"Shanghai--China","2017-05-01","2017-05-02"
"340",NA,NA,"Shanghai--China","2017-05-01","2017-05-02"
"341",NA,NA,"Shanghai--China","2017-05-01","2017-05-02"
"342",NA,NA,"Shanghai--China","2017-05-01","2017-05-02"
"343",NA,NA,"Shanghai--China","2017-05-01","2017-05-02"
"344",NA,NA,"Shanghai--China","2017-05-01","2017-05-02"
"345",NA,NA,"Shanghai--China","2017-05-01","2017-05-02"
"346",NA,NA,"Shanghai--China","2017-05-01","2017-05-02"
"347",NA,NA,"Shanghai--China","2017-05-01","2017-05-02"
"348",NA,NA,"Shanghai--China","2017-05-01","2017-05-02"
"349",NA,NA,"Shanghai--China","2017-05-01","2017-05-02"
"350",NA,NA,"Shanghai--China","2017-05-01","2017-05-02"
"351",NA,NA,"Shanghai--China","2017-05-01","2017-05-02"
"352",NA,NA,"Shanghai--China","2017-05-01","2017-05-02"
"353",NA,NA,"Shanghai--China","2017-05-01","2017-05-02"
"354",NA,NA,"Shanghai--China","2017-05-01","2017-05-02"
"355",NA,NA,"Shanghai--China","2017-05-01","2017-05-02"
"356",NA,NA,"Shanghai--China","2017-05-01","2017-05-02"
"357",NA,NA,"Shanghai--China","2017-05-01","2017-05-02"
"358",NA,NA,"Shanghai--China","2017-05-01","2017-05-02"
"359",NA,NA,"Shanghai--China","2017-05-01","2017-05-02"
"360",NA,NA,"Shanghai--China","2017-05-01","2017-05-02"
"361",NA,NA,"Shanghai--China","2017-05-01","2017-05-02"
"362",NA,NA,"Shanghai--China","2017-05-01","2017-05-02"
"363",NA,NA,"Shanghai--China","2017-05-01","2017-05-02"
"364",NA,NA,"Shanghai--China","2017-05-01","2017-05-02"
"365",NA,NA,"Shanghai--China","2017-05-01","2017-05-02"
"366",NA,NA,"Shanghai--China","2017-05-01","2017-05-02"
"367",NA,NA,"Shanghai--China","2017-05-01","2017-05-02"
"368",NA,NA,"Shanghai--China","2017-05-01","2017-05-02"
"369",NA,NA,"Shanghai--China","2017-05-01","2017-05-02"
"370",NA,NA,"Shanghai--China","2017-05-01","2017-05-02"
"371",NA,NA,"Shanghai--China","2017-05-01","2017-05-02"
"372",NA,NA,"Shanghai--China","2017-05-01","2017-05-02"
"373",NA,NA,"Shanghai--China","2017-05-01","2017-05-02"
"374",NA,NA,"Shanghai--China","2017-05-01","2017-05-02"
"375",NA,NA,"Shanghai--China","2017-05-01","2017-05-02"
"376",NA,NA,"Shanghai--China","2017-05-01","2017-05-02"
"377",NA,NA,"Shanghai--China","2017-05-01","2017-05-02"
"378",NA,NA,"Shanghai--China","2017-05-01","2017-05-02"
"379",NA,NA,"Shanghai--China","2017-05-01","2017-05-02"
"380",NA,NA,"Shanghai--China","2017-05-01","2017-05-02"
"381",NA,NA,"Shanghai--China","2017-05-01","2017-05-02"
"382",NA,NA,"Shanghai--China","2017-05-01","2017-05-02"
"383",NA,NA,"Shanghai--China","2017-05-01","2017-05-02"
"384",NA,NA,"Shanghai--China","2017-05-01","2017-05-02"
"385",NA,NA,"Shanghai--China","2017-05-01","2017-05-02"
"386",NA,NA,"Shanghai--China","2017-05-01","2017-05-02"
"387",NA,NA,"Shanghai--China","2017-05-01","2017-05-02"
"388",NA,NA,"Shanghai--China","2017-05-01","2017-05-02"
"389",NA,NA,"Shanghai--China","2017-05-01","2017-05-02"
"390",NA,NA,"Shanghai--China","2017-05-01","2017-05-02"
"391",NA,NA,"Shanghai--China","2017-05-01","2017-05-02"
"392",NA,NA,"Shanghai--China","2017-05-01","2017-05-02"
"393",NA,NA,"Shanghai--China","2017-05-01","2017-05-02"
"394",NA,NA,"Shanghai--China","2017-05-01","2017-05-02"
"395",NA,NA,"Shanghai--China","2017-05-01","2017-05-02"
"396",NA,NA,"Shanghai--China","2017-05-01","2017-05-02"
"397",NA,NA,"Shanghai--China","2017-05-01","2017-05-02"
"398",NA,NA,"Shanghai--China","2017-05-01","2017-05-02"
"399",NA,NA,"Shanghai--China","2017-05-01","2017-05-02"
"400",NA,NA,"Shanghai--China","2017-05-01","2017-05-02"
"401",NA,NA,"Beijing--China","2017-05-01","2017-05-02"
"402",NA,NA,"Beijing--China","2017-05-01","2017-05-02"
"403",NA,NA,"Beijing--China","2017-05-01","2017-05-02"
"404",NA,NA,"Beijing--China","2017-05-01","2017-05-02"
"405",NA,NA,"Beijing--China","2017-05-01","2017-05-02"
"406",NA,NA,"Beijing--China","2017-05-01","2017-05-02"
"407",NA,NA,"Beijing--China","2017-05-01","2017-05-02"
"408",NA,NA,"Beijing--China","2017-05-01","2017-05-02"
"409",NA,NA,"Beijing--China","2017-05-01","2017-05-02"
"410",NA,NA,"Beijing--China","2017-05-01","2017-05-02"
"411",NA,NA,"Beijing--China","2017-05-01","2017-05-02"
"412",NA,NA,"Beijing--China","2017-05-01","2017-05-02"
"413",NA,NA,"Beijing--China","2017-05-01","2017-05-02"
"414",NA,NA,"Beijing--China","2017-05-01","2017-05-02"
"415",NA,NA,"Beijing--China","2017-05-01","2017-05-02"
"416",NA,NA,"Beijing--China","2017-05-01","2017-05-02"
"417",NA,NA,"Beijing--China","2017-05-01","2017-05-02"
"418",NA,NA,"Beijing--China","2017-05-01","2017-05-02"
"419",NA,NA,"Beijing--China","2017-05-01","2017-05-02"
"420",NA,NA,"Beijing--China","2017-05-01","2017-05-02"
"421",NA,NA,"Beijing--China","2017-05-01","2017-05-02"
"422",NA,NA,"Beijing--China","2017-05-01","2017-05-02"
"423",NA,NA,"Beijing--China","2017-05-01","2017-05-02"
"424",NA,NA,"Beijing--China","2017-05-01","2017-05-02"
"425",NA,NA,"Beijing--China","2017-05-01","2017-05-02"
"426",NA,NA,"Beijing--China","2017-05-01","2017-05-02"
"427",NA,NA,"Beijing--China","2017-05-01","2017-05-02"
"428",NA,NA,"Beijing--China","2017-05-01","2017-05-02"
"429",NA,NA,"Beijing--China","2017-05-01","2017-05-02"
"430",NA,NA,"Beijing--China","2017-05-01","2017-05-02"
"431",NA,NA,"Beijing--China","2017-05-01","2017-05-02"
"432",NA,NA,"Beijing--China","2017-05-01","2017-05-02"
"433",NA,NA,"Beijing--China","2017-05-01","2017-05-02"
"434",NA,NA,"Beijing--China","2017-05-01","2017-05-02"
"435",NA,NA,"Beijing--China","2017-05-01","2017-05-02"
"436",NA,NA,"Beijing--China","2017-05-01","2017-05-02"
"437",NA,NA,"Beijing--China","2017-05-01","2017-05-02"
"438",NA,NA,"Beijing--China","2017-05-01","2017-05-02"
"439",NA,NA,"Beijing--China","2017-05-01","2017-05-02"
"440",NA,NA,"Beijing--China","2017-05-01","2017-05-02"
"441",NA,NA,"Beijing--China","2017-05-01","2017-05-02"
"442",NA,NA,"Beijing--China","2017-05-01","2017-05-02"
"443",NA,NA,"Beijing--China","2017-05-01","2017-05-02"
"444",NA,NA,"Beijing--China","2017-05-01","2017-05-02"
"445",NA,NA,"Beijing--China","2017-05-01","2017-05-02"
"446",NA,NA,"Beijing--China","2017-05-01","2017-05-02"
"447",NA,NA,"Beijing--China","2017-05-01","2017-05-02"
"448",NA,NA,"Beijing--China","2017-05-01","2017-05-02"
"449",NA,NA,"Beijing--China","2017-05-01","2017-05-02"
"450",NA,NA,"Beijing--China","2017-05-01","2017-05-02"
"451",NA,NA,"Beijing--China","2017-05-01","2017-05-02"
"452",NA,NA,"Beijing--China","2017-05-01","2017-05-02"
"453",NA,NA,"Beijing--China","2017-05-01","2017-05-02"
"454",NA,NA,"Beijing--China","2017-05-01","2017-05-02"
"455",NA,NA,"Beijing--China","2017-05-01","2017-05-02"
"456",NA,NA,"Beijing--China","2017-05-01","2017-05-02"
"457",NA,NA,"Beijing--China","2017-05-01","2017-05-02"
"458",NA,NA,"Beijing--China","2017-05-01","2017-05-02"
"459",NA,NA,"Beijing--China","2017-05-01","2017-05-02"
"460",NA,NA,"Beijing--China","2017-05-01","2017-05-02"
"461",NA,NA,"Beijing--China","2017-05-01","2017-05-02"
"462",NA,NA,"Beijing--China","2017-05-01","2017-05-02"
"463",NA,NA,"Beijing--China","2017-05-01","2017-05-02"
"464",NA,NA,"Beijing--China","2017-05-01","2017-05-02"
"465",NA,NA,"Beijing--China","2017-05-01","2017-05-02"
"466",NA,NA,"Beijing--China","2017-05-01","2017-05-02"
"467",NA,NA,"Beijing--China","2017-05-01","2017-05-02"
"468",NA,NA,"Beijing--China","2017-05-01","2017-05-02"
"469",NA,NA,"Beijing--China","2017-05-01","2017-05-02"
"470",NA,NA,"Beijing--China","2017-05-01","2017-05-02"
"471",NA,NA,"Beijing--China","2017-05-01","2017-05-02"
"472",NA,NA,"Beijing--China","2017-05-01","2017-05-02"
"473",NA,NA,"Beijing--China","2017-05-01","2017-05-02"
"474",NA,NA,"Beijing--China","2017-05-01","2017-05-02"
"475",NA,NA,"Beijing--China","2017-05-01","2017-05-02"
"476",NA,NA,"Beijing--China","2017-05-01","2017-05-02"
"477",NA,NA,"Beijing--China","2017-05-01","2017-05-02"
"478",NA,NA,"Beijing--China","2017-05-01","2017-05-02"
"479",NA,NA,"Beijing--China","2017-05-01","2017-05-02"
"480",NA,NA,"Beijing--China","2017-05-01","2017-05-02"
"481",NA,NA,"Beijing--China","2017-05-01","2017-05-02"
"482",NA,NA,"Beijing--China","2017-05-01","2017-05-02"
"483",NA,NA,"Beijing--China","2017-05-01","2017-05-02"
"484",NA,NA,"Beijing--China","2017-05-01","2017-05-02"
"485",NA,NA,"Beijing--China","2017-05-01","2017-05-02"
"486",NA,NA,"Beijing--China","2017-05-01","2017-05-02"
"487",NA,NA,"Beijing--China","2017-05-01","2017-05-02"
"488",NA,NA,"Beijing--China","2017-05-01","2017-05-02"
"489",NA,NA,"Beijing--China","2017-05-01","2017-05-02"
"490",NA,NA,"Beijing--China","2017-05-01","2017-05-02"
"491",NA,NA,"Beijing--China","2017-05-01","2017-05-02"
"492",NA,NA,"Beijing--China","2017-05-01","2017-05-02"
"493",NA,NA,"Beijing--China","2017-05-01","2017-05-02"
"494",NA,NA,"Beijing--China","2017-05-01","2017-05-02"
"495",NA,NA,"Beijing--China","2017-05-01","2017-05-02"
"496",NA,NA,"Beijing--China","2017-05-01","2017-05-02"
"497",NA,NA,"Beijing--China","2017-05-01","2017-05-02"
"498",NA,NA,"Beijing--China","2017-05-01","2017-05-02"
"499",NA,NA,"Beijing--China","2017-05-01","2017-05-02"
"500",NA,NA,"Beijing--China","2017-05-01","2017-05-02"
"501",NA,NA,"Beijing--China","2017-05-01","2017-05-02"
"502",NA,NA,"Beijing--China","2017-05-01","2017-05-02"
"503",NA,NA,"Beijing--China","2017-05-01","2017-05-02"
"504",NA,NA,"Beijing--China","2017-05-01","2017-05-02"
"505",NA,NA,"Beijing--China","2017-05-01","2017-05-02"
"506",NA,NA,"Beijing--China","2017-05-01","2017-05-02"
"507",NA,NA,"Beijing--China","2017-05-01","2017-05-02"
"508",NA,NA,"Beijing--China","2017-05-01","2017-05-02"
"509",NA,NA,"Beijing--China","2017-05-01","2017-05-02"
"510",NA,NA,"Beijing--China","2017-05-01","2017-05-02"
"511",NA,NA,"Beijing--China","2017-05-01","2017-05-02"
"512",NA,NA,"Beijing--China","2017-05-01","2017-05-02"
"513",NA,NA,"Beijing--China","2017-05-01","2017-05-02"
"514",NA,NA,"Beijing--China","2017-05-01","2017-05-02"
"515",NA,NA,"Beijing--China","2017-05-01","2017-05-02"
"516",NA,NA,"Beijing--China","2017-05-01","2017-05-02"
"517",NA,NA,"Beijing--China","2017-05-01","2017-05-02"
"518",NA,NA,"Beijing--China","2017-05-01","2017-05-02"
"519",NA,NA,"Beijing--China","2017-05-01","2017-05-02"
"520",NA,NA,"Beijing--China","2017-05-01","2017-05-02"
"521",NA,NA,"Beijing--China","2017-05-01","2017-05-02"
"522",NA,NA,"Beijing--China","2017-05-01","2017-05-02"
"523",NA,NA,"Beijing--China","2017-05-01","2017-05-02"
"524",NA,NA,"Beijing--China","2017-05-01","2017-05-02"
"525",NA,NA,"Beijing--China","2017-05-01","2017-05-02"
"526",NA,NA,"Beijing--China","2017-05-01","2017-05-02"
"527",NA,NA,"Beijing--China","2017-05-01","2017-05-02"
"528",NA,NA,"Beijing--China","2017-05-01","2017-05-02"
"529",NA,NA,"Beijing--China","2017-05-01","2017-05-02"
"530",NA,NA,"Beijing--China","2017-05-01","2017-05-02"
"531",NA,NA,"Beijing--China","2017-05-01","2017-05-02"
"532",NA,NA,"Beijing--China","2017-05-01","2017-05-02"
"533",NA,NA,"Beijing--China","2017-05-01","2017-05-02"
"534",NA,NA,"Beijing--China","2017-05-01","2017-05-02"
"535",NA,NA,"Beijing--China","2017-05-01","2017-05-02"
"536",NA,NA,"Beijing--China","2017-05-01","2017-05-02"
"537",NA,NA,"Beijing--China","2017-05-01","2017-05-02"
"538",NA,NA,"Beijing--China","2017-05-01","2017-05-02"
"539",NA,NA,"Beijing--China","2017-05-01","2017-05-02"
"540",NA,NA,"Beijing--China","2017-05-01","2017-05-02"
"541",NA,NA,"Beijing--China","2017-05-01","2017-05-02"
"542",NA,NA,"Beijing--China","2017-05-01","2017-05-02"
"543",NA,NA,"Beijing--China","2017-05-01","2017-05-02"
"544",NA,NA,"Beijing--China","2017-05-01","2017-05-02"
"545",NA,NA,"Beijing--China","2017-05-01","2017-05-02"
"546",NA,NA,"Beijing--China","2017-05-01","2017-05-02"
"547",NA,NA,"Beijing--China","2017-05-01","2017-05-02"
"548",NA,NA,"Beijing--China","2017-05-01","2017-05-02"
"549",NA,NA,"Beijing--China","2017-05-01","2017-05-02"
"550",NA,NA,"Beijing--China","2017-05-01","2017-05-02"
"551",NA,NA,"Beijing--China","2017-05-01","2017-05-02"
"552",NA,NA,"Beijing--China","2017-05-01","2017-05-02"
"553",NA,NA,"Beijing--China","2017-05-01","2017-05-02"
"554",NA,NA,"Beijing--China","2017-05-01","2017-05-02"
"555",NA,NA,"Beijing--China","2017-05-01","2017-05-02"
"556",NA,NA,"Beijing--China","2017-05-01","2017-05-02"
"557",NA,NA,"Beijing--China","2017-05-01","2017-05-02"
"558",NA,NA,"Beijing--China","2017-05-01","2017-05-02"
"559",NA,NA,"Beijing--China","2017-05-01","2017-05-02"
"560",NA,NA,"Beijing--China","2017-05-01","2017-05-02"
"561",NA,NA,"Beijing--China","2017-05-01","2017-05-02"
"562",NA,NA,"Beijing--China","2017-05-01","2017-05-02"
"563",NA,NA,"Beijing--China","2017-05-01","2017-05-02"
"564",NA,NA,"Beijing--China","2017-05-01","2017-05-02"
"565",NA,NA,"Beijing--China","2017-05-01","2017-05-02"
"566",NA,NA,"Beijing--China","2017-05-01","2017-05-02"
"567",NA,NA,"Beijing--China","2017-05-01","2017-05-02"
"568",NA,NA,"Beijing--China","2017-05-01","2017-05-02"
"569",NA,NA,"Beijing--China","2017-05-01","2017-05-02"
"570",NA,NA,"Beijing--China","2017-05-01","2017-05-02"
"571",NA,NA,"Beijing--China","2017-05-01","2017-05-02"
"572",NA,NA,"Beijing--China","2017-05-01","2017-05-02"
"573",NA,NA,"Beijing--China","2017-05-01","2017-05-02"
"574",NA,NA,"Beijing--China","2017-05-01","2017-05-02"
"575",NA,NA,"Beijing--China","2017-05-01","2017-05-02"
"576",NA,NA,"Beijing--China","2017-05-01","2017-05-02"
"577",NA,NA,"Beijing--China","2017-05-01","2017-05-02"
"578",NA,NA,"Beijing--China","2017-05-01","2017-05-02"
"579",NA,NA,"Beijing--China","2017-05-01","2017-05-02"
"580",NA,NA,"Beijing--China","2017-05-01","2017-05-02"
"581",NA,NA,"Beijing--China","2017-05-01","2017-05-02"
"582",NA,NA,"Beijing--China","2017-05-01","2017-05-02"
"583",NA,NA,"Beijing--China","2017-05-01","2017-05-02"
"584",NA,NA,"Beijing--China","2017-05-01","2017-05-02"
"585",NA,NA,"Beijing--China","2017-05-01","2017-05-02"
"586",NA,NA,"Beijing--China","2017-05-01","2017-05-02"
"587",NA,NA,"Beijing--China","2017-05-01","2017-05-02"
"588",NA,NA,"Beijing--China","2017-05-01","2017-05-02"
"589",NA,NA,"Beijing--China","2017-05-01","2017-05-02"
"590",NA,NA,"Beijing--China","2017-05-01","2017-05-02"
"591",NA,NA,"Beijing--China","2017-05-01","2017-05-02"
"592",NA,NA,"Beijing--China","2017-05-01","2017-05-02"
"593",NA,NA,"Beijing--China","2017-05-01","2017-05-02"
"594",NA,NA,"Beijing--China","2017-05-01","2017-05-02"
"595",NA,NA,"Beijing--China","2017-05-01","2017-05-02"
"596",NA,NA,"Beijing--China","2017-05-01","2017-05-02"
"597",NA,NA,"Beijing--China","2017-05-01","2017-05-02"
"598",NA,NA,"Beijing--China","2017-05-01","2017-05-02"
"599",NA,NA,"Beijing--China","2017-05-01","2017-05-02"
"600",NA,NA,"Beijing--China","2017-05-01","2017-05-02"
"601",NA,NA,"Chengdu--Sichuan--China","2017-05-01","2017-05-02"
"602",NA,NA,"Chengdu--Sichuan--China","2017-05-01","2017-05-02"
"603",NA,NA,"Chengdu--Sichuan--China","2017-05-01","2017-05-02"
"604",NA,NA,"Chengdu--Sichuan--China","2017-05-01","2017-05-02"
"605",NA,NA,"Chengdu--Sichuan--China","2017-05-01","2017-05-02"
"606",NA,NA,"Chengdu--Sichuan--China","2017-05-01","2017-05-02"
"607",NA,NA,"Chengdu--Sichuan--China","2017-05-01","2017-05-02"
"608",NA,NA,"Chengdu--Sichuan--China","2017-05-01","2017-05-02"
"609",NA,NA,"Chengdu--Sichuan--China","2017-05-01","2017-05-02"
"610",NA,NA,"Chengdu--Sichuan--China","2017-05-01","2017-05-02"
"611",NA,NA,"Chengdu--Sichuan--China","2017-05-01","2017-05-02"
"612",NA,NA,"Chengdu--Sichuan--China","2017-05-01","2017-05-02"
"613",NA,NA,"Chengdu--Sichuan--China","2017-05-01","2017-05-02"
"614",NA,NA,"Chengdu--Sichuan--China","2017-05-01","2017-05-02"
"615",NA,NA,"Chengdu--Sichuan--China","2017-05-01","2017-05-02"
"616",NA,NA,"Chengdu--Sichuan--China","2017-05-01","2017-05-02"
"617",NA,NA,"Chengdu--Sichuan--China","2017-05-01","2017-05-02"
"618",NA,NA,"Chengdu--Sichuan--China","2017-05-01","2017-05-02"
"619",NA,NA,"Chengdu--Sichuan--China","2017-05-01","2017-05-02"
"620",NA,NA,"Chengdu--Sichuan--China","2017-05-01","2017-05-02"
"621",NA,NA,"Chengdu--Sichuan--China","2017-05-01","2017-05-02"
"622",NA,NA,"Chengdu--Sichuan--China","2017-05-01","2017-05-02"
"623",NA,NA,"Chengdu--Sichuan--China","2017-05-01","2017-05-02"
"624",NA,NA,"Chengdu--Sichuan--China","2017-05-01","2017-05-02"
"625",NA,NA,"Chengdu--Sichuan--China","2017-05-01","2017-05-02"
"626",NA,NA,"Chengdu--Sichuan--China","2017-05-01","2017-05-02"
"627",NA,NA,"Chengdu--Sichuan--China","2017-05-01","2017-05-02"
"628",NA,NA,"Chengdu--Sichuan--China","2017-05-01","2017-05-02"
"629",NA,NA,"Chengdu--Sichuan--China","2017-05-01","2017-05-02"
"630",NA,NA,"Chengdu--Sichuan--China","2017-05-01","2017-05-02"
"631",NA,NA,"Chengdu--Sichuan--China","2017-05-01","2017-05-02"
"632",NA,NA,"Chengdu--Sichuan--China","2017-05-01","2017-05-02"
"633",NA,NA,"Chengdu--Sichuan--China","2017-05-01","2017-05-02"
"634",NA,NA,"Chengdu--Sichuan--China","2017-05-01","2017-05-02"
"635",NA,NA,"Chengdu--Sichuan--China","2017-05-01","2017-05-02"
"636",NA,NA,"Chengdu--Sichuan--China","2017-05-01","2017-05-02"
"637",NA,NA,"Chengdu--Sichuan--China","2017-05-01","2017-05-02"
"638",NA,NA,"Chengdu--Sichuan--China","2017-05-01","2017-05-02"
"639",NA,NA,"Chengdu--Sichuan--China","2017-05-01","2017-05-02"
"640",NA,NA,"Chengdu--Sichuan--China","2017-05-01","2017-05-02"
"641",NA,NA,"Chengdu--Sichuan--China","2017-05-01","2017-05-02"
"642",NA,NA,"Chengdu--Sichuan--China","2017-05-01","2017-05-02"
"643",NA,NA,"Chengdu--Sichuan--China","2017-05-01","2017-05-02"
"644",NA,NA,"Chengdu--Sichuan--China","2017-05-01","2017-05-02"
"645",NA,NA,"Chengdu--Sichuan--China","2017-05-01","2017-05-02"
"646",NA,NA,"Chengdu--Sichuan--China","2017-05-01","2017-05-02"
"647",NA,NA,"Chengdu--Sichuan--China","2017-05-01","2017-05-02"
"648",NA,NA,"Chengdu--Sichuan--China","2017-05-01","2017-05-02"
"649",NA,NA,"Chengdu--Sichuan--China","2017-05-01","2017-05-02"
"650",NA,NA,"Chengdu--Sichuan--China","2017-05-01","2017-05-02"
"651",NA,NA,"Chengdu--Sichuan--China","2017-05-01","2017-05-02"
"652",NA,NA,"Chengdu--Sichuan--China","2017-05-01","2017-05-02"
"653",NA,NA,"Chengdu--Sichuan--China","2017-05-01","2017-05-02"
"654",NA,NA,"Chengdu--Sichuan--China","2017-05-01","2017-05-02"
"655",NA,NA,"Chengdu--Sichuan--China","2017-05-01","2017-05-02"
"656",NA,NA,"Chengdu--Sichuan--China","2017-05-01","2017-05-02"
"657",NA,NA,"Chengdu--Sichuan--China","2017-05-01","2017-05-02"
"658",NA,NA,"Chengdu--Sichuan--China","2017-05-01","2017-05-02"
"659",NA,NA,"Chengdu--Sichuan--China","2017-05-01","2017-05-02"
"660",NA,NA,"Chengdu--Sichuan--China","2017-05-01","2017-05-02"
"661",NA,NA,"Chengdu--Sichuan--China","2017-05-01","2017-05-02"
"662",NA,NA,"Chengdu--Sichuan--China","2017-05-01","2017-05-02"
"663",NA,NA,"Chengdu--Sichuan--China","2017-05-01","2017-05-02"
"664",NA,NA,"Chengdu--Sichuan--China","2017-05-01","2017-05-02"
"665",NA,NA,"Chengdu--Sichuan--China","2017-05-01","2017-05-02"
"666",NA,NA,"Chengdu--Sichuan--China","2017-05-01","2017-05-02"
"667",NA,NA,"Chengdu--Sichuan--China","2017-05-01","2017-05-02"
"668",NA,NA,"Chengdu--Sichuan--China","2017-05-01","2017-05-02"
"669",NA,NA,"Chengdu--Sichuan--China","2017-05-01","2017-05-02"
"670",NA,NA,"Chengdu--Sichuan--China","2017-05-01","2017-05-02"
"671",NA,NA,"Chengdu--Sichuan--China","2017-05-01","2017-05-02"
"672",NA,NA,"Chengdu--Sichuan--China","2017-05-01","2017-05-02"
"673",NA,NA,"Chengdu--Sichuan--China","2017-05-01","2017-05-02"
"674",NA,NA,"Chengdu--Sichuan--China","2017-05-01","2017-05-02"
"675",NA,NA,"Chengdu--Sichuan--China","2017-05-01","2017-05-02"
"676",NA,NA,"Chengdu--Sichuan--China","2017-05-01","2017-05-02"
"677",NA,NA,"Chengdu--Sichuan--China","2017-05-01","2017-05-02"
"678",NA,NA,"Chengdu--Sichuan--China","2017-05-01","2017-05-02"
"679",NA,NA,"Chengdu--Sichuan--China","2017-05-01","2017-05-02"
"680",NA,NA,"Chengdu--Sichuan--China","2017-05-01","2017-05-02"
"681",NA,NA,"Chengdu--Sichuan--China","2017-05-01","2017-05-02"
"682",NA,NA,"Chengdu--Sichuan--China","2017-05-01","2017-05-02"
"683",NA,NA,"Chengdu--Sichuan--China","2017-05-01","2017-05-02"
"684",NA,NA,"Chengdu--Sichuan--China","2017-05-01","2017-05-02"
"685",NA,NA,"Chengdu--Sichuan--China","2017-05-01","2017-05-02"
"686",NA,NA,"Chengdu--Sichuan--China","2017-05-01","2017-05-02"
"687",NA,NA,"Chengdu--Sichuan--China","2017-05-01","2017-05-02"
"688",NA,NA,"Chengdu--Sichuan--China","2017-05-01","2017-05-02"
"689",NA,NA,"Chengdu--Sichuan--China","2017-05-01","2017-05-02"
"690",NA,NA,"Chengdu--Sichuan--China","2017-05-01","2017-05-02"
"691",NA,NA,"Chengdu--Sichuan--China","2017-05-01","2017-05-02"
"692",NA,NA,"Chengdu--Sichuan--China","2017-05-01","2017-05-02"
"693",NA,NA,"Chengdu--Sichuan--China","2017-05-01","2017-05-02"
"694",NA,NA,"Chengdu--Sichuan--China","2017-05-01","2017-05-02"
"695",NA,NA,"Chengdu--Sichuan--China","2017-05-01","2017-05-02"
"696",NA,NA,"Chengdu--Sichuan--China","2017-05-01","2017-05-02"
"697",NA,NA,"Chengdu--Sichuan--China","2017-05-01","2017-05-02"
"698",NA,NA,"Chengdu--Sichuan--China","2017-05-01","2017-05-02"
"699",NA,NA,"Chengdu--Sichuan--China","2017-05-01","2017-05-02"
"700",NA,NA,"Chengdu--Sichuan--China","2017-05-01","2017-05-02"
"701",NA,NA,"Chengdu--Sichuan--China","2017-05-01","2017-05-02"
"702",NA,NA,"Chengdu--Sichuan--China","2017-05-01","2017-05-02"
"703",NA,NA,"Chengdu--Sichuan--China","2017-05-01","2017-05-02"
"704",NA,NA,"Chengdu--Sichuan--China","2017-05-01","2017-05-02"
"705",NA,NA,"Chengdu--Sichuan--China","2017-05-01","2017-05-02"
"706",NA,NA,"Chengdu--Sichuan--China","2017-05-01","2017-05-02"
"707",NA,NA,"Chengdu--Sichuan--China","2017-05-01","2017-05-02"
"708",NA,NA,"Chengdu--Sichuan--China","2017-05-01","2017-05-02"
"709",NA,NA,"Chengdu--Sichuan--China","2017-05-01","2017-05-02"
"710",NA,NA,"Chengdu--Sichuan--China","2017-05-01","2017-05-02"
"711",NA,NA,"Chengdu--Sichuan--China","2017-05-01","2017-05-02"
"712",NA,NA,"Chengdu--Sichuan--China","2017-05-01","2017-05-02"
"713",NA,NA,"Chengdu--Sichuan--China","2017-05-01","2017-05-02"
"714",NA,NA,"Chengdu--Sichuan--China","2017-05-01","2017-05-02"
"715",NA,NA,"Chengdu--Sichuan--China","2017-05-01","2017-05-02"
"716",NA,NA,"Chengdu--Sichuan--China","2017-05-01","2017-05-02"
"717",NA,NA,"Chengdu--Sichuan--China","2017-05-01","2017-05-02"
"718",NA,NA,"Chengdu--Sichuan--China","2017-05-01","2017-05-02"
"719",NA,NA,"Chengdu--Sichuan--China","2017-05-01","2017-05-02"
"720",NA,NA,"Chengdu--Sichuan--China","2017-05-01","2017-05-02"
"721",NA,NA,"Chengdu--Sichuan--China","2017-05-01","2017-05-02"
"722",NA,NA,"Chengdu--Sichuan--China","2017-05-01","2017-05-02"
"723",NA,NA,"Chengdu--Sichuan--China","2017-05-01","2017-05-02"
"724",NA,NA,"Chengdu--Sichuan--China","2017-05-01","2017-05-02"
"725",NA,NA,"Chengdu--Sichuan--China","2017-05-01","2017-05-02"
"726",NA,NA,"Chengdu--Sichuan--China","2017-05-01","2017-05-02"
"727",NA,NA,"Chengdu--Sichuan--China","2017-05-01","2017-05-02"
"728",NA,NA,"Chengdu--Sichuan--China","2017-05-01","2017-05-02"
"729",NA,NA,"Chengdu--Sichuan--China","2017-05-01","2017-05-02"
"730",NA,NA,"Chengdu--Sichuan--China","2017-05-01","2017-05-02"
"731",NA,NA,"Chengdu--Sichuan--China","2017-05-01","2017-05-02"
"732",NA,NA,"Chengdu--Sichuan--China","2017-05-01","2017-05-02"
"733",NA,NA,"Chengdu--Sichuan--China","2017-05-01","2017-05-02"
"734",NA,NA,"Chengdu--Sichuan--China","2017-05-01","2017-05-02"
"735",NA,NA,"Chengdu--Sichuan--China","2017-05-01","2017-05-02"
"736",NA,NA,"Chengdu--Sichuan--China","2017-05-01","2017-05-02"
"737",NA,NA,"Chengdu--Sichuan--China","2017-05-01","2017-05-02"
"738",NA,NA,"Chengdu--Sichuan--China","2017-05-01","2017-05-02"
"739",NA,NA,"Chengdu--Sichuan--China","2017-05-01","2017-05-02"
"740",NA,NA,"Chengdu--Sichuan--China","2017-05-01","2017-05-02"
"741",NA,NA,"Chengdu--Sichuan--China","2017-05-01","2017-05-02"
"742",NA,NA,"Chengdu--Sichuan--China","2017-05-01","2017-05-02"
"743",NA,NA,"Chengdu--Sichuan--China","2017-05-01","2017-05-02"
"744",NA,NA,"Chengdu--Sichuan--China","2017-05-01","2017-05-02"
"745",NA,NA,"Chengdu--Sichuan--China","2017-05-01","2017-05-02"
"746",NA,NA,"Chengdu--Sichuan--China","2017-05-01","2017-05-02"
"747",NA,NA,"Chengdu--Sichuan--China","2017-05-01","2017-05-02"
"748",NA,NA,"Chengdu--Sichuan--China","2017-05-01","2017-05-02"
"749",NA,NA,"Chengdu--Sichuan--China","2017-05-01","2017-05-02"
"750",NA,NA,"Chengdu--Sichuan--China","2017-05-01","2017-05-02"
"751",NA,NA,"Chengdu--Sichuan--China","2017-05-01","2017-05-02"
"752",NA,NA,"Chengdu--Sichuan--China","2017-05-01","2017-05-02"
"753",NA,NA,"Chengdu--Sichuan--China","2017-05-01","2017-05-02"
"754",NA,NA,"Chengdu--Sichuan--China","2017-05-01","2017-05-02"
"755",NA,NA,"Chengdu--Sichuan--China","2017-05-01","2017-05-02"
"756",NA,NA,"Chengdu--Sichuan--China","2017-05-01","2017-05-02"
"757",NA,NA,"Chengdu--Sichuan--China","2017-05-01","2017-05-02"
"758",NA,NA,"Chengdu--Sichuan--China","2017-05-01","2017-05-02"
"759",NA,NA,"Chengdu--Sichuan--China","2017-05-01","2017-05-02"
"760",NA,NA,"Chengdu--Sichuan--China","2017-05-01","2017-05-02"
"761",NA,NA,"Chengdu--Sichuan--China","2017-05-01","2017-05-02"
"762",NA,NA,"Chengdu--Sichuan--China","2017-05-01","2017-05-02"
"763",NA,NA,"Chengdu--Sichuan--China","2017-05-01","2017-05-02"
"764",NA,NA,"Chengdu--Sichuan--China","2017-05-01","2017-05-02"
"765",NA,NA,"Chengdu--Sichuan--China","2017-05-01","2017-05-02"
"766",NA,NA,"Chengdu--Sichuan--China","2017-05-01","2017-05-02"
"767",NA,NA,"Chengdu--Sichuan--China","2017-05-01","2017-05-02"
"768",NA,NA,"Chengdu--Sichuan--China","2017-05-01","2017-05-02"
"769",NA,NA,"Chengdu--Sichuan--China","2017-05-01","2017-05-02"
"770",NA,NA,"Chengdu--Sichuan--China","2017-05-01","2017-05-02"
"771",NA,NA,"Chengdu--Sichuan--China","2017-05-01","2017-05-02"
"772",NA,NA,"Chengdu--Sichuan--China","2017-05-01","2017-05-02"
"773",NA,NA,"Chengdu--Sichuan--China","2017-05-01","2017-05-02"
"774",NA,NA,"Chengdu--Sichuan--China","2017-05-01","2017-05-02"
"775",NA,NA,"Chengdu--Sichuan--China","2017-05-01","2017-05-02"
"776",NA,NA,"Chengdu--Sichuan--China","2017-05-01","2017-05-02"
"777",NA,NA,"Chengdu--Sichuan--China","2017-05-01","2017-05-02"
"778",NA,NA,"Chengdu--Sichuan--China","2017-05-01","2017-05-02"
"779",NA,NA,"Chengdu--Sichuan--China","2017-05-01","2017-05-02"
"780",NA,NA,"Chengdu--Sichuan--China","2017-05-01","2017-05-02"
"781",NA,NA,"Chengdu--Sichuan--China","2017-05-01","2017-05-02"
"782",NA,NA,"Chengdu--Sichuan--China","2017-05-01","2017-05-02"
"783",NA,NA,"Chengdu--Sichuan--China","2017-05-01","2017-05-02"
"784",NA,NA,"Chengdu--Sichuan--China","2017-05-01","2017-05-02"
"785",NA,NA,"Chengdu--Sichuan--China","2017-05-01","2017-05-02"
"786",NA,NA,"Chengdu--Sichuan--China","2017-05-01","2017-05-02"
"787",NA,NA,"Chengdu--Sichuan--China","2017-05-01","2017-05-02"
"788",NA,NA,"Chengdu--Sichuan--China","2017-05-01","2017-05-02"
"789",NA,NA,"Chengdu--Sichuan--China","2017-05-01","2017-05-02"
"790",NA,NA,"Chengdu--Sichuan--China","2017-05-01","2017-05-02"
"791",NA,NA,"Chengdu--Sichuan--China","2017-05-01","2017-05-02"
"792",NA,NA,"Chengdu--Sichuan--China","2017-05-01","2017-05-02"
"793",NA,NA,"Chengdu--Sichuan--China","2017-05-01","2017-05-02"
"794",NA,NA,"Chengdu--Sichuan--China","2017-05-01","2017-05-02"
"795",NA,NA,"Chengdu--Sichuan--China","2017-05-01","2017-05-02"
"796",NA,NA,"Chengdu--Sichuan--China","2017-05-01","2017-05-02"
"797",NA,NA,"Chengdu--Sichuan--China","2017-05-01","2017-05-02"
"798",NA,NA,"Chengdu--Sichuan--China","2017-05-01","2017-05-02"
"799",NA,NA,"Chengdu--Sichuan--China","2017-05-01","2017-05-02"
"800",NA,NA,"Chengdu--Sichuan--China","2017-05-01","2017-05-02"
"801",NA,NA,"Taipei--Taiwan","2017-05-01","2017-05-02"
"802",NA,NA,"Taipei--Taiwan","2017-05-01","2017-05-02"
"803",NA,NA,"Taipei--Taiwan","2017-05-01","2017-05-02"
"804",NA,NA,"Taipei--Taiwan","2017-05-01","2017-05-02"
"805",NA,NA,"Taipei--Taiwan","2017-05-01","2017-05-02"
"806",NA,NA,"Taipei--Taiwan","2017-05-01","2017-05-02"
"807",NA,NA,"Taipei--Taiwan","2017-05-01","2017-05-02"
"808",NA,NA,"Taipei--Taiwan","2017-05-01","2017-05-02"
"809",NA,NA,"Taipei--Taiwan","2017-05-01","2017-05-02"
"810",NA,NA,"Taipei--Taiwan","2017-05-01","2017-05-02"
"811",NA,NA,"Taipei--Taiwan","2017-05-01","2017-05-02"
"812",NA,NA,"Taipei--Taiwan","2017-05-01","2017-05-02"
"813",NA,NA,"Taipei--Taiwan","2017-05-01","2017-05-02"
"814",NA,NA,"Taipei--Taiwan","2017-05-01","2017-05-02"
"815",NA,NA,"Taipei--Taiwan","2017-05-01","2017-05-02"
"816",NA,NA,"Taipei--Taiwan","2017-05-01","2017-05-02"
"817",NA,NA,"Taipei--Taiwan","2017-05-01","2017-05-02"
"818",NA,NA,"Taipei--Taiwan","2017-05-01","2017-05-02"
"819",NA,NA,"Taipei--Taiwan","2017-05-01","2017-05-02"
"820",NA,NA,"Taipei--Taiwan","2017-05-01","2017-05-02"
"821",NA,NA,"Taipei--Taiwan","2017-05-01","2017-05-02"
"822",NA,NA,"Taipei--Taiwan","2017-05-01","2017-05-02"
"823",NA,NA,"Taipei--Taiwan","2017-05-01","2017-05-02"
"824",NA,NA,"Taipei--Taiwan","2017-05-01","2017-05-02"
"825",NA,NA,"Taipei--Taiwan","2017-05-01","2017-05-02"
"826",NA,NA,"Taipei--Taiwan","2017-05-01","2017-05-02"
"827",NA,NA,"Taipei--Taiwan","2017-05-01","2017-05-02"
"828",NA,NA,"Taipei--Taiwan","2017-05-01","2017-05-02"
"829",NA,NA,"Taipei--Taiwan","2017-05-01","2017-05-02"
"830",NA,NA,"Taipei--Taiwan","2017-05-01","2017-05-02"
"831",NA,NA,"Taipei--Taiwan","2017-05-01","2017-05-02"
"832",NA,NA,"Taipei--Taiwan","2017-05-01","2017-05-02"
"833",NA,NA,"Taipei--Taiwan","2017-05-01","2017-05-02"
"834",NA,NA,"Taipei--Taiwan","2017-05-01","2017-05-02"
"835",NA,NA,"Taipei--Taiwan","2017-05-01","2017-05-02"
"836",NA,NA,"Taipei--Taiwan","2017-05-01","2017-05-02"
"837",NA,NA,"Taipei--Taiwan","2017-05-01","2017-05-02"
"838",NA,NA,"Taipei--Taiwan","2017-05-01","2017-05-02"
"839",NA,NA,"Taipei--Taiwan","2017-05-01","2017-05-02"
"840",NA,NA,"Taipei--Taiwan","2017-05-01","2017-05-02"
"841",NA,NA,"Taipei--Taiwan","2017-05-01","2017-05-02"
"842",NA,NA,"Taipei--Taiwan","2017-05-01","2017-05-02"
"843",NA,NA,"Taipei--Taiwan","2017-05-01","2017-05-02"
"844",NA,NA,"Taipei--Taiwan","2017-05-01","2017-05-02"
"845",NA,NA,"Taipei--Taiwan","2017-05-01","2017-05-02"
"846",NA,NA,"Taipei--Taiwan","2017-05-01","2017-05-02"
"847",NA,NA,"Taipei--Taiwan","2017-05-01","2017-05-02"
"848",NA,NA,"Taipei--Taiwan","2017-05-01","2017-05-02"
"849",NA,NA,"Taipei--Taiwan","2017-05-01","2017-05-02"
"850",NA,NA,"Taipei--Taiwan","2017-05-01","2017-05-02"
"851",NA,NA,"Taipei--Taiwan","2017-05-01","2017-05-02"
"852",NA,NA,"Taipei--Taiwan","2017-05-01","2017-05-02"
"853",NA,NA,"Taipei--Taiwan","2017-05-01","2017-05-02"
"854",NA,NA,"Taipei--Taiwan","2017-05-01","2017-05-02"
"855",NA,NA,"Taipei--Taiwan","2017-05-01","2017-05-02"
"856",NA,NA,"Taipei--Taiwan","2017-05-01","2017-05-02"
"857",NA,NA,"Taipei--Taiwan","2017-05-01","2017-05-02"
"858",NA,NA,"Taipei--Taiwan","2017-05-01","2017-05-02"
"859",NA,NA,"Taipei--Taiwan","2017-05-01","2017-05-02"
"860",NA,NA,"Taipei--Taiwan","2017-05-01","2017-05-02"
"861",NA,NA,"Taipei--Taiwan","2017-05-01","2017-05-02"
"862",NA,NA,"Taipei--Taiwan","2017-05-01","2017-05-02"
"863",NA,NA,"Taipei--Taiwan","2017-05-01","2017-05-02"
"864",NA,NA,"Taipei--Taiwan","2017-05-01","2017-05-02"
"865",NA,NA,"Taipei--Taiwan","2017-05-01","2017-05-02"
"866",NA,NA,"Taipei--Taiwan","2017-05-01","2017-05-02"
"867",NA,NA,"Taipei--Taiwan","2017-05-01","2017-05-02"
"868",NA,NA,"Taipei--Taiwan","2017-05-01","2017-05-02"
"869",NA,NA,"Taipei--Taiwan","2017-05-01","2017-05-02"
"870",NA,NA,"Taipei--Taiwan","2017-05-01","2017-05-02"
"871",NA,NA,"Taipei--Taiwan","2017-05-01","2017-05-02"
"872",NA,NA,"Taipei--Taiwan","2017-05-01","2017-05-02"
"873",NA,NA,"Taipei--Taiwan","2017-05-01","2017-05-02"
"874",NA,NA,"Taipei--Taiwan","2017-05-01","2017-05-02"
"875",NA,NA,"Taipei--Taiwan","2017-05-01","2017-05-02"
"876",NA,NA,"Taipei--Taiwan","2017-05-01","2017-05-02"
"877",NA,NA,"Taipei--Taiwan","2017-05-01","2017-05-02"
"878",NA,NA,"Taipei--Taiwan","2017-05-01","2017-05-02"
"879",NA,NA,"Taipei--Taiwan","2017-05-01","2017-05-02"
"880",NA,NA,"Taipei--Taiwan","2017-05-01","2017-05-02"
"881",NA,NA,"Taipei--Taiwan","2017-05-01","2017-05-02"
"882",NA,NA,"Taipei--Taiwan","2017-05-01","2017-05-02"
"883",NA,NA,"Taipei--Taiwan","2017-05-01","2017-05-02"
"884",NA,NA,"Taipei--Taiwan","2017-05-01","2017-05-02"
"885",NA,NA,"Taipei--Taiwan","2017-05-01","2017-05-02"
"886",NA,NA,"Taipei--Taiwan","2017-05-01","2017-05-02"
"887",NA,NA,"Taipei--Taiwan","2017-05-01","2017-05-02"
"888",NA,NA,"Taipei--Taiwan","2017-05-01","2017-05-02"
"889",NA,NA,"Taipei--Taiwan","2017-05-01","2017-05-02"
"890",NA,NA,"Taipei--Taiwan","2017-05-01","2017-05-02"
"891",NA,NA,"Taipei--Taiwan","2017-05-01","2017-05-02"
"892",NA,NA,"Taipei--Taiwan","2017-05-01","2017-05-02"
"893",NA,NA,"Taipei--Taiwan","2017-05-01","2017-05-02"
"894",NA,NA,"Taipei--Taiwan","2017-05-01","2017-05-02"
"895",NA,NA,"Taipei--Taiwan","2017-05-01","2017-05-02"
"896",NA,NA,"Taipei--Taiwan","2017-05-01","2017-05-02"
"897",NA,NA,"Taipei--Taiwan","2017-05-01","2017-05-02"
"898",NA,NA,"Taipei--Taiwan","2017-05-01","2017-05-02"
"899",NA,NA,"Taipei--Taiwan","2017-05-01","2017-05-02"
"900",NA,NA,"Taipei--Taiwan","2017-05-01","2017-05-02"
"901",NA,NA,"Taipei--Taiwan","2017-05-01","2017-05-02"
"902",NA,NA,"Taipei--Taiwan","2017-05-01","2017-05-02"
"903",NA,NA,"Taipei--Taiwan","2017-05-01","2017-05-02"
"904",NA,NA,"Taipei--Taiwan","2017-05-01","2017-05-02"
"905",NA,NA,"Taipei--Taiwan","2017-05-01","2017-05-02"
"906",NA,NA,"Taipei--Taiwan","2017-05-01","2017-05-02"
"907",NA,NA,"Taipei--Taiwan","2017-05-01","2017-05-02"
"908",NA,NA,"Taipei--Taiwan","2017-05-01","2017-05-02"
"909",NA,NA,"Taipei--Taiwan","2017-05-01","2017-05-02"
"910",NA,NA,"Taipei--Taiwan","2017-05-01","2017-05-02"
"911",NA,NA,"Taipei--Taiwan","2017-05-01","2017-05-02"
"912",NA,NA,"Taipei--Taiwan","2017-05-01","2017-05-02"
"913",NA,NA,"Taipei--Taiwan","2017-05-01","2017-05-02"
"914",NA,NA,"Taipei--Taiwan","2017-05-01","2017-05-02"
"915",NA,NA,"Taipei--Taiwan","2017-05-01","2017-05-02"
"916",NA,NA,"Taipei--Taiwan","2017-05-01","2017-05-02"
"917",NA,NA,"Taipei--Taiwan","2017-05-01","2017-05-02"
"918",NA,NA,"Taipei--Taiwan","2017-05-01","2017-05-02"
"919",NA,NA,"Taipei--Taiwan","2017-05-01","2017-05-02"
"920",NA,NA,"Taipei--Taiwan","2017-05-01","2017-05-02"
"921",NA,NA,"Taipei--Taiwan","2017-05-01","2017-05-02"
"922",NA,NA,"Taipei--Taiwan","2017-05-01","2017-05-02"
"923",NA,NA,"Taipei--Taiwan","2017-05-01","2017-05-02"
"924",NA,NA,"Taipei--Taiwan","2017-05-01","2017-05-02"
"925",NA,NA,"Taipei--Taiwan","2017-05-01","2017-05-02"
"926",NA,NA,"Taipei--Taiwan","2017-05-01","2017-05-02"
"927",NA,NA,"Taipei--Taiwan","2017-05-01","2017-05-02"
"928",NA,NA,"Taipei--Taiwan","2017-05-01","2017-05-02"
"929",NA,NA,"Taipei--Taiwan","2017-05-01","2017-05-02"
"930",NA,NA,"Taipei--Taiwan","2017-05-01","2017-05-02"
"931",NA,NA,"Taipei--Taiwan","2017-05-01","2017-05-02"
"932",NA,NA,"Taipei--Taiwan","2017-05-01","2017-05-02"
"933",NA,NA,"Taipei--Taiwan","2017-05-01","2017-05-02"
"934",NA,NA,"Taipei--Taiwan","2017-05-01","2017-05-02"
"935",NA,NA,"Taipei--Taiwan","2017-05-01","2017-05-02"
"936",NA,NA,"Taipei--Taiwan","2017-05-01","2017-05-02"
"937",NA,NA,"Taipei--Taiwan","2017-05-01","2017-05-02"
"938",NA,NA,"Taipei--Taiwan","2017-05-01","2017-05-02"
"939",NA,NA,"Taipei--Taiwan","2017-05-01","2017-05-02"
"940",NA,NA,"Taipei--Taiwan","2017-05-01","2017-05-02"
"941",NA,NA,"Taipei--Taiwan","2017-05-01","2017-05-02"
"942",NA,NA,"Taipei--Taiwan","2017-05-01","2017-05-02"
"943",NA,NA,"Taipei--Taiwan","2017-05-01","2017-05-02"
"944",NA,NA,"Taipei--Taiwan","2017-05-01","2017-05-02"
"945",NA,NA,"Taipei--Taiwan","2017-05-01","2017-05-02"
"946",NA,NA,"Taipei--Taiwan","2017-05-01","2017-05-02"
"947",NA,NA,"Taipei--Taiwan","2017-05-01","2017-05-02"
"948",NA,NA,"Taipei--Taiwan","2017-05-01","2017-05-02"
"949",NA,NA,"Taipei--Taiwan","2017-05-01","2017-05-02"
"950",NA,NA,"Taipei--Taiwan","2017-05-01","2017-05-02"
"951",NA,NA,"Taipei--Taiwan","2017-05-01","2017-05-02"
"952",NA,NA,"Taipei--Taiwan","2017-05-01","2017-05-02"
"953",NA,NA,"Taipei--Taiwan","2017-05-01","2017-05-02"
"954",NA,NA,"Taipei--Taiwan","2017-05-01","2017-05-02"
"955",NA,NA,"Taipei--Taiwan","2017-05-01","2017-05-02"
"956",NA,NA,"Taipei--Taiwan","2017-05-01","2017-05-02"
"957",NA,NA,"Taipei--Taiwan","2017-05-01","2017-05-02"
"958",NA,NA,"Taipei--Taiwan","2017-05-01","2017-05-02"
"959",NA,NA,"Taipei--Taiwan","2017-05-01","2017-05-02"
"960",NA,NA,"Taipei--Taiwan","2017-05-01","2017-05-02"
"961",NA,NA,"Taipei--Taiwan","2017-05-01","2017-05-02"
"962",NA,NA,"Taipei--Taiwan","2017-05-01","2017-05-02"
"963",NA,NA,"Taipei--Taiwan","2017-05-01","2017-05-02"
"964",NA,NA,"Taipei--Taiwan","2017-05-01","2017-05-02"
"965",NA,NA,"Taipei--Taiwan","2017-05-01","2017-05-02"
"966",NA,NA,"Taipei--Taiwan","2017-05-01","2017-05-02"
"967",NA,NA,"Taipei--Taiwan","2017-05-01","2017-05-02"
"968",NA,NA,"Taipei--Taiwan","2017-05-01","2017-05-02"
"969",NA,NA,"Taipei--Taiwan","2017-05-01","2017-05-02"
"970",NA,NA,"Taipei--Taiwan","2017-05-01","2017-05-02"
"971",NA,NA,"Taipei--Taiwan","2017-05-01","2017-05-02"
"972",NA,NA,"Taipei--Taiwan","2017-05-01","2017-05-02"
"973",NA,NA,"Taipei--Taiwan","2017-05-01","2017-05-02"
"974",NA,NA,"Taipei--Taiwan","2017-05-01","2017-05-02"
"975",NA,NA,"Taipei--Taiwan","2017-05-01","2017-05-02"
"976",NA,NA,"Taipei--Taiwan","2017-05-01","2017-05-02"
"977",NA,NA,"Taipei--Taiwan","2017-05-01","2017-05-02"
"978",NA,NA,"Taipei--Taiwan","2017-05-01","2017-05-02"
"979",NA,NA,"Taipei--Taiwan","2017-05-01","2017-05-02"
"980",NA,NA,"Taipei--Taiwan","2017-05-01","2017-05-02"
"981",NA,NA,"Taipei--Taiwan","2017-05-01","2017-05-02"
"982",NA,NA,"Taipei--Taiwan","2017-05-01","2017-05-02"
"983",NA,NA,"Taipei--Taiwan","2017-05-01","2017-05-02"
"984",NA,NA,"Taipei--Taiwan","2017-05-01","2017-05-02"
"985",NA,NA,"Taipei--Taiwan","2017-05-01","2017-05-02"
"986",NA,NA,"Taipei--Taiwan","2017-05-01","2017-05-02"
"987",NA,NA,"Taipei--Taiwan","2017-05-01","2017-05-02"
"988",NA,NA,"Taipei--Taiwan","2017-05-01","2017-05-02"
"989",NA,NA,"Taipei--Taiwan","2017-05-01","2017-05-02"
"990",NA,NA,"Taipei--Taiwan","2017-05-01","2017-05-02"
"991",NA,NA,"Taipei--Taiwan","2017-05-01","2017-05-02"
"992",NA,NA,"Taipei--Taiwan","2017-05-01","2017-05-02"
"993",NA,NA,"Taipei--Taiwan","2017-05-01","2017-05-02"
"994",NA,NA,"Taipei--Taiwan","2017-05-01","2017-05-02"
"995",NA,NA,"Taipei--Taiwan","2017-05-01","2017-05-02"
"996",NA,NA,"Taipei--Taiwan","2017-05-01","2017-05-02"
"997",NA,NA,"Taipei--Taiwan","2017-05-01","2017-05-02"
"998",NA,NA,"Taipei--Taiwan","2017-05-01","2017-05-02"
"999",NA,NA,"Taipei--Taiwan","2017-05-01","2017-05-02"
"1000",NA,NA,"Taipei--Taiwan","2017-05-01","2017-05-02"
